ID,Group,Feature_1,Feature_2,Feature_3
ID001,A,2912.2327970944825,390.35327550475097,6783.558026057903
ID002,A,2694.1671678205676,386.6767126448607,6136.095632938142
ID003,C,2598.5297791871017,382.54155470166967,-2222.868005326934
ID004,C,2942.6514044257374,415.9116527968776,-2517.362201820817
ID005,B,2402.772249294045,398.39426786436053,4800.15384829869
ID006,A,2508.516597288454,392.21049904368107,5550.275113411706
ID007,B,2444.025359765037,394.7676526873196,4877.876050749643
ID008,A,2604.064691670283,417.71074071405525,5710.193595854917
ID009,A,2173.035393541497,422.14292510393625,4405.832988874276
ID010,B,2599.5202066250827,398.52312832198817,5202.467645073947
ID011,C,2470.2197397985824,403.4478768582671,-2071.303582936083
ID012,C,2194.3134623159526,401.0882589916043,-1778.8919832850868
ID013,C,2296.596549616158,406.88684711425685,-1888.5560629480947
ID014,B,3127.298901102128,394.115070546972,6250.321916021392
ID015,C,2961.832990706647,384.11376342280937,-2578.5219736871877
ID016,B,2369.5078269231,409.04983133666525,4743.825080074923
ID017,A,2325.565073598321,410.32577831186836,4919.228376455125
ID018,B,2488.6564684996206,389.50315483531347,4986.258614006455
ID019,C,2482.643219297581,412.64194030756187,-2078.910871836096
ID020,C,2497.3567836770058,403.4400388292449,-2120.037529248881
ID021,B,2343.136180662495,404.71989033862945,4672.903393042874
ID022,A,2780.7674512112803,380.8136681769392,6410.55762232567
ID023,B,2665.6417845763654,408.28451946204984,5313.41583632911
ID024,C,2474.7393904821947,364.4834078542384,-2114.4511030618532
ID025,C,2103.548362665938,391.6126099548452,-1702.0919542024128
ID026,A,2443.403774619838,395.90855083438584,5343.456516966722
ID027,B,3044.2301466548656,402.6769876897382,6087.0967922916425
ID028,A,2798.6364164671463,396.96731889495175,6387.524392443777
ID029,B,2366.3359067358174,381.34070733468144,4712.592785911864
ID030,A,2507.615471772388,399.8294979604924,5516.207104333457
ID031,A,2389.3261027400413,408.6593928526397,5112.57947250887
ID032,B,2445.011898503721,398.0607536072893,4896.014110171456
ID033,C,2629.275229675195,396.3555093165393,-2238.2792991047186
ID034,C,2344.782806775443,399.8991118223676,-1942.537645117344
ID035,B,2113.8077362760096,405.6246823856048,4234.699752234094
ID036,B,2268.6434973742103,369.5693297036307,4527.305720731494
ID037,B,2481.139262746146,386.9678565323979,4961.4917733587845
ID038,A,2570.8781792637865,399.23660991797993,5733.732974547282
ID039,B,2622.3397417554215,412.779006626711,5231.366189519254
ID040,C,2495.6232631859298,400.04199719851187,-2079.2298934363907
ID041,C,2399.7831508198155,420.3953292896082,-1964.3129144131842
ID042,B,2516.396721494494,397.75387943595933,5032.4683135789755
ID043,C,2586.26385376813,406.30234740419627,-2172.716546778842
ID044,B,2953.0505639988382,375.3086949099847,5912.620891078683
ID045,C,2705.3245123119873,395.2984056223165,-2319.8450751077
ID046,C,1737.6842083082859,406.4015389956668,-1371.5233504588864
ID047,C,2773.013417283876,389.9153758202085,-2372.46500843605
ID048,C,2909.466523348816,399.51871860134673,-2509.645205836367
ID049,C,2090.7584987464897,399.55073559319914,-1680.844142819298
ID050,B,2532.0349951002954,411.5278149098206,5053.030397196309
ID051,C,2590.4571724775064,402.1842585173911,-2173.227541376547
ID052,A,2598.4351644505937,410.6452958836302,5751.007264230009
ID053,A,2912.862787276046,361.8184010459588,6919.193681837209
ID054,B,2310.6082800529007,413.7403615101499,4610.191212937539
ID055,A,2568.2865535090236,397.9288179671846,5707.093886892573
ID056,A,2439.2075463918854,397.8847733082873,5318.892260530008
ID057,B,2112.4557860802497,391.967215699566,4238.883543869126
ID058,B,2377.9429928354793,403.75888575091636,4738.847342539442
ID059,C,2808.00466208672,452.34390028367704,-2355.3562348957835
ID060,A,2261.17670346208,408.1162266657692,4751.963747151233
ID061,B,2097.462822018021,422.30772436824924,4212.1000501516155
ID062,C,2570.775670536131,416.1926365864539,-2163.3811256587687
ID063,C,3121.054429692361,415.6984697775666,-2692.9459525791854
ID064,A,2447.570726489667,386.8869705352602,5424.919206930203
ID065,B,2207.3577081448625,425.3454099189936,4408.416791635602
ID066,C,2460.473491567491,409.48943355529434,-2045.5131454734833
ID067,B,2286.618297539394,403.1216908415418,4552.927556120201
ID068,C,2488.1794976836586,424.031308401577,-2080.7894092788924
ID069,C,2454.345508029772,406.02262177282006,-2054.703460217085
ID070,A,2458.546817320882,405.21491248187334,5346.77063363527
ID071,C,2646.772328076746,425.8353449161875,-2206.9718571695307
ID072,B,2656.4993025981266,383.368303413861,5320.459214389285
ID073,C,2485.709755033003,396.37806717600705,-2091.814252713552
ID074,C,2683.669870812475,378.78312765516426,-2289.890072139784
ID075,B,2806.99872460781,413.1773706970368,5627.854526848747
ID076,B,2972.7697337570844,396.21768744347924,5937.813806189534
ID077,A,2458.627830469346,389.59502343074763,5436.248457044531
ID078,A,2216.2244722137384,370.57931925041254,4775.893414686681
ID079,C,2504.4753690692605,415.61623319261565,-2063.392567451838
ID080,C,2364.7515068619014,407.0992101048908,-1962.7885021198276
ID081,C,2122.1141926021314,411.20051200452696,-1706.0569652623424
ID082,C,2731.7457735723615,392.1251311396859,-2349.785687160109
ID083,B,2342.7454136184947,399.5839912149661,4701.7836143898785
ID084,C,2379.4073217957452,398.04864759438306,-1991.7094256544615
ID085,A,2461.9786085502255,386.81400953143077,5448.919441448206
ID086,A,2236.5847239905934,390.87337594018953,4772.6771099629095
ID087,A,2854.9590455538637,402.8739847970448,6539.335121964054
ID088,A,2814.95066697312,417.8500044968378,6354.549279646498
ID089,C,2717.53901688128,368.3537029244093,-2353.5618222115845
ID090,B,2485.609133189849,401.38215340785797,4988.678009087046
ID091,B,2506.2991491970315,393.2858784289724,5023.376059070069
ID092,C,2482.672643549734,389.5598703200958,-2096.046355220873
ID093,C,2313.976128447929,381.8152816112325,-1954.0931442013143
ID094,C,2554.917702124357,400.85489796502424,-2160.4390137134915
ID095,C,2357.4460708156057,417.1225967971305,-1930.029832625617
ID096,B,2376.0779304559646,395.0568706116629,4750.4658835158725
ID097,B,2517.7392372301165,392.60963235992983,5039.307972112884
ID098,A,3222.747127846781,410.0063334339796,7607.763921373441
ID099,A,2243.7524543345817,380.2169697069671,4807.24638884809
ID100,A,2704.9151427575734,399.5791013759246,6118.0117160844275
ID101,A,2742.958688002191,389.25267986196127,6289.13840044238
ID102,A,2011.7131037046818,401.72195016943596,4009.660747526123
ID103,C,2267.300965829506,401.58341599167255,-1879.5185505168765
ID104,A,2558.51450749138,393.0883691299228,5688.333122903859
ID105,C,2023.0602962097926,399.186992795636,-1610.541301149257
ID106,B,2132.906626729451,409.5395456285174,4247.768011339725
ID107,C,2980.6422470719413,412.65067906982415,-2582.3640850137613
ID108,B,2611.914986833057,387.4747175297489,5204.315268315707
ID109,A,2301.6662924809984,372.04424832689585,5055.138903129154
ID110,C,2586.7566429409844,380.03736209751094,-2218.6307149345184
ID111,B,2035.3162016454944,420.28802636694456,4065.778142842837
ID112,A,2189.0517307682594,389.31448084890286,4619.425458108454
ID113,A,2694.2945618114013,357.6501114184979,6296.809600391491
ID114,B,2316.233279581687,390.0339221963947,4633.09363820241
ID115,B,1988.3413333747344,402.7401085634248,3973.974291263997
ID116,C,2331.618189493357,403.1266243333324,-1929.1137786921213
ID117,B,2399.569135586782,420.6701567144623,4786.057511806073
ID118,C,1761.3253709733162,395.3036629390454,-1363.310983049341
ID119,C,2691.7289630740934,402.05040045538885,-2248.2794596487065
ID120,B,1858.8993986165528,402.6741077683961,3718.1226236204575
ID121,B,2792.7291036811694,417.122556992285,5579.427825084825
ID122,C,2426.85159700333,383.6002487309189,-2038.7023610960807
ID123,C,2301.520140446145,391.6531848709846,-1932.3008577813853
ID124,A,2325.8525288875935,363.78862552540363,5138.528642041053
ID125,C,2507.5844664657334,398.2527414594012,-2119.4039643952847
ID126,C,2728.0426415483216,415.12155203562486,-2305.8073415536546
ID127,A,2546.647685308635,399.314582742461,5644.386005628606
ID128,C,2543.2918003574323,365.825331886374,-2185.9001773319687
ID129,B,3184.641695670508,394.1228289490904,6365.468321032966
ID130,A,2619.853364576046,362.4079012458796,6045.135119259314
ID131,A,2209.144999388887,404.7790430711193,4613.921525070192
ID132,C,2210.261702760634,403.37182035874645,-1794.8566651923509
ID133,C,2120.557223415804,370.2037707135012,-1727.2737157266924
ID134,B,2847.8442070339906,390.6777267587791,5692.944739150088
ID135,A,2461.479613814904,387.92196727744954,5446.40738159196
ID136,C,2905.027519682556,385.8622027754912,-2517.4288566730906
ID137,A,3191.3186038283843,395.29756075016735,7607.293409941092
ID138,C,2735.5892351009343,407.85618642172136,-2344.220942103431
ID139,C,2305.7745498880513,436.34122043957086,-1851.0847845551473
ID140,B,2382.212255350648,396.15706243115903,4744.961734577559
ID141,C,2506.01792877537,398.5009784905002,-2107.2407155956216
ID142,A,2245.8073719643435,416.6254747972616,4644.253549815313
ID143,C,2475.32898990649,388.25110005949364,-2087.010501555418
ID144,B,3054.9144496973736,403.23119716765615,6125.638740324784
ID145,B,2866.998220339038,413.05068756573604,5739.349883143793
ID146,A,2440.482725672122,375.5797229825682,5447.003740229975
ID147,C,2882.2353683557967,396.32464923705834,-2490.345880358215
ID148,A,3399.0080789081912,394.69528546166634,8215.005475315702
ID149,B,2023.6770345182485,392.0747330555294,4040.7435443287322
ID150,C,2326.5375265238536,407.9047945722371,-1928.1806324077152
ID151,A,2745.0508473807286,377.9843401535424,6349.913941840292
ID152,A,2391.531011795693,397.26262289763207,5186.985205231625
ID153,C,2139.1979266449916,398.4486733153603,-1740.040110253239
ID154,C,2518.6344482890454,426.54909344480484,-2100.1837585173066
ID155,B,2169.492604433556,403.7938685963186,4355.219777600631
ID156,A,1870.7110760700052,429.92121073794164,3477.7905367284293
ID157,A,2847.3135200374945,426.3249087884936,6411.665348940108
ID158,C,2518.586854195948,415.2816953435957,-2112.8269126324444
ID159,A,2591.3241261217036,393.86704432844306,5799.355824448337
ID160,A,2450.383356201491,405.57344674425826,5332.73951443558
ID161,A,2238.7386797271174,394.085522769411,4746.484517236593
ID162,C,2564.845375054296,438.7237697474398,-2127.984880284831
ID163,C,2747.9909018556773,388.3146650054457,-2345.5448363149358
ID164,C,2210.2865912591346,381.06966078652545,-1832.6237812319828
ID165,C,2477.0192959165665,408.8380854827931,-2052.202782041612
ID166,A,2491.8620529105738,406.3975677882595,5461.117885458592
ID167,C,2239.981176558757,381.5210581554675,-1855.5265337704548
ID168,A,2909.070514282273,400.96672015519187,6704.364315262738
ID169,A,2288.346572677347,406.78097975942796,4839.881858395975
ID170,B,2480.9701630045183,397.2366253965288,4990.256628946196
ID171,C,2812.989560172815,407.8058075303622,-2424.8697210127684
ID172,C,3015.9486428550263,410.3537852923153,-2619.8653043524623
ID173,C,2371.2771963764612,372.06691361339887,-1995.6908833256962
ID174,A,2945.091074629302,417.37314398874594,6763.725345407481
ID175,B,2565.1617881777197,404.14618824484484,5124.227068517625
ID176,B,2155.7171832654435,376.870505814395,4317.916265583725
ID177,C,2769.316695911844,396.9243655837825,-2376.32658989399
ID178,C,2712.088050810468,407.5578976410122,-2305.719347739648
ID179,B,2368.764002606007,410.8108687768269,4746.780985928179
ID180,C,2141.208162435468,425.6036451787701,-1691.9230081758938
ID181,A,2912.2163245595953,380.74844473438714,6821.931152367601
ID182,B,2732.8471623348355,412.6961359829791,5446.253768098308
ID183,C,2328.6076812938654,398.49422246794927,-1938.2713778825728
ID184,A,2494.3918248405203,400.15794190392216,5479.374483080372
ID185,A,2005.328029611745,396.89966115729925,4022.6198944082944
ID186,B,3005.623124300267,407.4741802132883,6020.450484270999
ID187,A,2672.9302128367544,408.0507762495895,5982.094529141407
ID188,A,3026.8981544179783,410.9058406850228,7026.963000947983
ID189,C,2288.4710793185063,420.3441208864552,-1880.6816218645736
ID190,A,2427.3436619877702,412.46583010027734,5199.5536352641675
ID191,B,2435.9825690432353,401.2388249860555,4857.075668277421
ID192,B,2470.623772701232,392.81721338602654,4951.8815714280245
ID193,B,2342.3661320060555,389.3359595884089,4660.6621227750375
ID194,A,2766.1335151133685,414.9535493289777,6225.750732570195
ID195,C,3117.381787357592,409.2311011301506,-2733.2005790736976
ID196,C,1967.8286026636133,388.2915158575461,-1575.0314254837672
ID197,A,2854.2993969012364,408.04836603296343,6517.895433344332
ID198,B,2497.89796086559,416.392387553979,4985.524158664758
ID199,B,2554.037042645658,417.9475104271561,5116.102685021402
ID200,B,2377.9693573508403,378.9849185590712,4745.489441626629
ID201,C,2147.092937799436,422.2260378187757,-1728.3250814145717
ID202,A,2579.971196673718,389.11898135991214,5801.5119449250515
ID203,C,2338.913398598143,387.98937754148096,-1944.3961275523934
ID204,C,2225.5531258950605,399.60066871518455,-1855.4807876495347
ID205,A,2634.648155002684,408.21763310881437,5843.57138492432
ID206,B,2248.547217478623,383.7807221598945,4506.5316638389595
ID207,B,2094.605458389393,401.0825967836858,4183.567600115066
ID208,C,2252.9417557189417,378.6733876390348,-1883.1732618712617
ID209,A,2452.7288374217305,406.2806919151129,5327.290359441633
ID210,A,2528.796435477318,408.8739983712925,5540.8327225749945
ID211,A,2186.3622002077245,402.62769043611195,4569.217585377192
ID212,C,2615.967123440504,410.24061414112293,-2210.264811886513
ID213,A,2360.6442565571233,411.9250228874807,5018.533589474438
ID214,B,2333.7424285409234,373.6190464213476,4702.433096723367
ID215,A,2166.784675244428,402.89292871686206,4479.702704554918
ID216,B,2483.355418499409,410.46164897799076,4969.125102766978
ID217,A,2334.039824794975,386.60516506295556,5075.33322202973
ID218,C,2393.3227992132347,404.47716850189005,-1989.774421422555
ID219,B,2742.607252430316,389.31002794735343,5487.194398527334
ID220,A,2313.145420838732,402.7343137121416,4920.6745400643
ID221,C,2396.564468844697,415.4574020722484,-1970.45584995355
ID222,B,2784.0103370875854,409.1449334152556,5577.816686295416
ID223,C,2661.47846426301,440.6124537489437,-2224.392826884852
ID224,A,2357.3358119747445,431.99711266261363,4923.150900306567
ID225,C,2216.0717612158683,392.54210757055756,-1816.8902836973004
ID226,B,2371.2401752053484,380.3760851635845,4741.899187442604
ID227,C,2267.0339214921405,424.27764813357345,-1848.008235417865
ID228,B,2788.7575384461725,406.0433169478259,5582.138354858092
ID229,A,2642.2369167292236,419.069968147778,5818.406449893228
ID230,B,2569.3382710033216,413.7608298321231,5152.346268256681
ID231,B,2501.3601068855337,396.62759335929604,5009.188459035247
ID232,C,1950.079032676304,392.39947850392065,-1563.0713531354318
ID233,C,2584.1133790694435,404.8985291405173,-2170.94123657816
ID234,B,2382.922199521698,405.2924084219983,4767.236108238855
ID235,C,2157.707232905976,387.6422546807338,-1762.9599880281223
ID236,B,2550.7642814695537,386.00016726508625,5103.16828573895
ID237,A,2697.9335548009863,394.2039214455557,6121.547574809731
ID238,C,2786.7126963868122,400.91440070982014,-2355.931183821583
ID239,A,2489.796904714951,397.7388341246958,5488.560649805216
ID240,A,2434.7066042684546,382.67133104886364,5389.658863062563
ID241,B,2890.181531266708,384.8490065285136,5779.154667165052
ID242,B,2453.5138820032903,358.6891324195311,4890.102311461224
ID243,C,2127.299498916815,396.4776026937546,-1712.213979449138
ID244,B,2375.206379352253,387.88627361770193,4757.5371770854445
ID245,A,2526.010822026416,398.58342843884736,5589.373277383285
ID246,C,2706.8043597975006,401.79508168487394,-2305.2391254080094
ID247,B,2500.7946853116337,381.6332253609282,4992.900707979759
ID248,C,2531.6114436874263,416.86191999457816,-2089.3517468104264
ID249,B,2636.1484203594705,398.8866964263675,5281.048009555949
ID250,C,2435.345273064661,418.36928987952564,-2012.455113639601
ID251,A,2675.1411759843527,417.7225327831297,5933.6955796205775
ID252,B,2369.233787203016,401.11158111465426,4739.739588671675
ID253,B,2767.29352512943,412.5376048359978,5547.9685972950565
ID254,B,2610.995557921395,410.41496776737915,5223.501448934463
ID255,C,2169.2345788184707,388.04709093764563,-1788.2826398929476
ID256,C,2967.441978534794,405.5347405987676,-2550.3256211206526
ID257,A,2670.8569261009966,398.75653002365897,6015.680791865157
ID258,A,2848.7470800155697,389.29627212862556,6604.50260569755
ID259,A,2658.1574900487085,404.7686030344763,5949.575296681529
ID260,B,2785.5265509080077,412.4649025784299,5567.793103422384
ID261,A,2704.897810409872,407.4087335172416,6081.593649639888
ID262,B,2205.484971116033,407.3186567400692,4415.245377676101
ID263,C,2766.380928073138,403.4966302074105,-2349.758613816288
ID264,A,2429.046356150068,409.52682998925246,5232.9321182907415
ID265,B,2306.4848935460413,428.77955253527267,4627.744922638368
ID266,A,2361.8078608849523,402.57796276384283,5080.100526318962
ID267,C,2819.4711914423647,411.0220869710815,-2417.3094400571913
ID268,A,2495.784846502339,398.5832648446957,5469.111059883579
ID269,A,2363.7563292909495,412.84947636468996,5010.093466464231
ID270,B,2316.05707921537,406.0824427926608,4614.785753725532
ID271,B,2252.4629238395146,403.7220734159648,4488.309687558601
ID272,A,2898.339644022602,385.7160088366089,6762.314273074966
ID273,B,2623.0984557350102,397.88661115225716,5244.267680646586
ID274,A,2204.9580356135425,391.68577704711174,4646.980302483692
ID275,B,2298.7881431739065,391.1529454980688,4604.918802838542
ID276,B,2303.6914862063695,369.61893192542794,4609.278356008478
ID277,A,2725.410485406139,409.32066371163467,6129.215525707145
ID278,B,3519.3864650795363,431.7726250392942,7042.093516730274
ID279,B,2577.511727241001,381.60821153499654,5144.502287153609
ID280,B,2482.009139547645,399.69097460747395,4960.454034699555
ID281,B,2514.2817884513265,422.4164890141894,5009.5784772396755
ID282,B,2638.791268691353,396.93010470348776,5275.279348563573
ID283,C,1694.332421114336,403.82533973428264,-1311.851142114624
ID284,B,2648.733881494497,417.15905944568954,5277.037614428359
ID285,A,2222.7152976612774,413.04601028256263,4625.325470387797
ID286,B,3003.238035219175,405.9659553438176,6010.462722478727
ID287,C,2671.559613450908,402.77520539020264,-2259.505997993461
ID288,A,2603.9712772031885,410.04611891291677,5766.177736194003
ID289,B,2651.340527887458,406.2932682126458,5293.476110230397
ID290,B,2682.119043843466,412.3011952856542,5377.720325959112
ID291,B,2314.4875533872973,386.5109116834975,4647.214468202826
ID292,B,2456.0488922961713,396.5925857676792,4906.240544813984
ID293,A,2453.7677489766893,415.89309110556184,5277.40292217874
ID294,B,2144.0265651648756,417.9991810134745,4271.974140908756
ID295,A,2543.0267740115914,409.21961665883606,5573.438794665027
ID296,B,2447.1035867139726,380.1663567424324,4884.346433564422
ID297,C,2609.643487849194,375.58464740496714,-2222.025850531269
ID298,A,2286.426776309171,399.52450363016516,4850.532541911212
ID299,A,3138.305679216136,394.88745265640745,7449.807818117792
ID300,C,2929.0753552713786,387.00295236883903,-2545.8576115413634
ID301,C,2772.6551028680633,400.3182451404642,-2384.6924459168968
ID302,A,2218.551017397719,405.02018287980394,4633.225655099687
ID303,B,2243.6217184001666,417.26021891498937,4474.190190200576
ID304,A,2838.9127355696346,423.4693453637679,6379.058169055728
ID305,C,2681.1610815420513,405.7424326362454,-2297.032794127498
ID306,C,2605.093905297726,401.2794079638276,-2205.529650231303
ID307,C,2692.0777043266608,388.0788112664722,-2304.2794069215292
ID308,B,1981.4979806408555,408.68696132783896,3965.669975447179
ID309,B,2310.3589203889483,396.26501532447736,4606.010438132026
ID310,B,2569.293173509187,399.3931912019595,5137.71151184193
ID311,A,2859.2856736250237,394.89412472505086,6602.437811662821
ID312,A,2715.794601869477,412.6740988376328,6069.819490031483
ID313,A,3179.6624711256827,394.1185053816615,7564.747387163697
ID314,C,2649.0492983184336,385.6666624202964,-2269.5830455438168
ID315,A,2949.521141447953,393.74407020846604,6873.958620396151
ID316,C,1989.0392350998882,377.5158827635346,-1609.570727950438
ID317,C,2650.4536466336267,413.8464483259632,-2227.9098770165942
ID318,B,2267.03357911033,390.7175803159478,4532.635671199333
ID319,B,2452.258731001941,371.9569583778334,4898.257455459544
ID320,A,2613.639805572025,415.7627256336714,5756.730753198046
ID321,C,2739.1449014203718,402.0766257977098,-2348.789774608807
ID322,B,2877.993269071932,400.3498132624507,5741.4002341004625
ID323,C,2734.78756193712,391.08803709027643,-2332.7280507627133
ID324,B,2690.2148972204063,392.3529382563164,5367.095060224235
ID325,C,2667.3131818739917,389.95363091404056,-2270.735760515098
ID326,C,2375.124874210809,425.7037452148331,-1955.9286834634909
ID327,B,2543.3170953310537,411.96261454577177,5068.032616160572
ID328,B,2654.512589205419,396.82194364460855,5299.514715433372
ID329,A,2589.062466631409,384.45091733113986,5847.703085352856
ID330,C,2063.1330354936126,403.0642682063754,-1644.5093992108157
ID331,B,2365.51374569962,398.9692462620985,4742.148948755015
ID332,A,2679.4773570053985,415.50826224278603,5954.583024691437
ID333,C,2535.4619587540424,402.3832153828323,-2122.1273431989002
ID334,C,2905.337290987699,390.6219129344761,-2520.879500295258
ID335,A,2711.5580805482587,425.8282826096953,6005.40454550762
ID336,B,1810.0086791615845,411.13441163246773,3623.30830936988
ID337,C,2425.768462760489,397.1608344236337,-2010.3969703521711
ID338,B,2581.1393445330746,384.85223008444376,5165.114584483456
ID339,A,3112.342487721884,395.6374002983118,7361.249574633505
ID340,C,2865.075378992307,394.3334595159793,-2464.589777695279
ID341,C,2128.6767255068244,383.1075292125103,-1741.9281225949453
ID342,B,2719.1920222085537,401.5902665313115,5458.938792552699
ID343,A,2220.7345339556528,396.96032171509876,4672.246811202961
ID344,A,2357.905404840672,381.5865029819803,5177.083270573475
ID345,B,2379.109293601851,384.4018295012255,4763.4355727079765
ID346,C,2661.5311735949886,388.1758898267578,-2283.2443572517054
ID347,C,2591.1750100998042,409.76285309986775,-2194.074242784692
ID348,C,2734.3859158079244,382.80921389207936,-2327.7290910480965
ID349,C,2363.7187851942003,414.29752676932435,-1949.0557267694228
ID350,A,1965.9862529145857,404.58731296915875,3859.6001013676014
ID351,B,2676.7156531193627,377.2417955652269,5348.132442855863
ID352,C,1991.7039014628622,377.05839520321183,-1606.3181329157321
ID353,B,2844.9739179164108,401.1754693337159,5712.842260168896
ID354,A,2242.90170514737,394.0432539390966,4770.343135032278
ID355,A,2129.4249014898414,392.70259156820305,4438.241345130767
ID356,A,2490.4480884540785,432.688281927769,5314.8195158163035
ID357,A,2599.448945990876,410.6706840531521,5741.082392955861
ID358,A,2209.8885372357336,416.81825795918627,4569.670986327141
ID359,A,2164.1258406100883,398.4148985365188,4499.322557896498
ID360,C,2364.39688869963,396.86381923048015,-1951.5787452202344
ID361,B,1866.7814797259543,400.68406569060016,3743.8484273105714
ID362,B,2139.7378041761744,393.95273562250253,4287.449831814317
ID363,B,2841.3283058343945,426.05200499225003,5677.901129926289
ID364,C,2962.9983784402334,370.9543414101544,-2570.8151064020853
ID365,C,3002.1889892303207,397.82103314725475,-2597.558163457156
ID366,B,2692.0635754473374,395.748876225545,5382.321626516306
ID367,C,2296.7466096372486,415.88576299451046,-1877.5104224721981
ID368,B,2846.774360973592,381.47338779132406,5694.007205007699
ID369,C,2142.4118394067827,396.2066837075336,-1754.9230537782976
ID370,C,2699.3176148955654,388.9152179154629,-2334.371433786937
ID371,B,2316.070069224043,377.70148963555823,4621.229042758993
ID372,B,2892.7956685243994,391.7819199986399,5772.129745885679
ID373,A,2893.5835936147973,392.2237144167418,6721.619287035444
ID374,B,2223.5829298535077,394.618500050036,4464.070895049655
ID375,C,2607.5087419125293,391.3394581280754,-2213.0228311268957
ID376,A,2321.8717255913716,439.8278423418848,4769.407356603435
ID377,A,2726.219147196615,414.84775927351285,6086.839930259417
ID378,C,2248.2732609775676,400.3606762354157,-1850.3728500019001
ID379,B,2181.7175728586517,410.89116154533735,4368.823965631716
ID380,B,2920.5027057440225,422.8336965184791,5835.011304052622
ID381,C,2420.649140093937,382.15799560497834,-2031.0529897218646
ID382,C,2477.2795522348247,369.31798705212987,-2101.843066710329
ID383,A,2171.171581816596,397.7881588740797,4520.137197525962
ID384,B,2509.3663437730333,393.00506288859435,5029.765309036211
ID385,C,2486.104132329342,402.1389073565296,-2069.4021818911274
ID386,B,2287.889946015018,402.86581018813405,4558.956898428215
ID387,B,3165.2539025817587,410.09623218822423,6345.255848991528
ID388,B,2064.9578044690925,414.40343842230743,4122.45646958232
ID389,C,2598.7678521178414,367.0846155047505,-2244.1244938805157
ID390,B,2556.292606638002,411.9750977934499,5123.916710639172
ID391,B,2575.3909324298784,404.64991587147375,5142.8936524354995
ID392,A,2556.4214072737223,408.18028259424216,5623.0147029286245
ID393,C,2449.679105431185,397.52052088310296,-2056.886685078806
ID394,C,2751.072705460108,407.7008562490299,-2351.2353926285655
ID395,A,2749.073180829187,406.09741023601896,6198.058077227615
ID396,B,2680.6761538884,398.71115760834584,5373.115124751427
ID397,C,2796.0960034345103,414.333770779416,-2368.218843124577
ID398,B,2418.955717760703,403.20390801455153,4858.657943610777
ID399,C,2498.618755960325,373.44788013627425,-2135.495171513844
ID400,B,2662.0120253639498,409.782304114905,5342.785413601338
ID401,C,2157.478567771076,407.0575960826064,-1751.7376813539277
ID402,B,2558.336785141663,406.72658938987604,5113.302912186313
ID403,A,2004.2256893096467,417.4142598110724,3931.558796849069
ID404,C,2029.11453200441,395.2927290367461,-1645.97420073994
ID405,C,2216.4836822991665,419.995048988401,-1807.4774695072335
ID406,B,2427.885567002091,414.8169040700201,4855.944050743883
ID407,C,2620.6474974204184,387.98238436616845,-2215.512638089301
ID408,B,2359.9727001741667,398.4819208781088,4730.203133179361
ID409,A,2259.1237219660898,409.41469555925096,4754.328606831065
ID410,A,2874.722470034914,410.59644444799596,6555.867344312855
ID411,C,2521.752734006111,386.7564342793825,-2143.617332705408
ID412,C,2590.8636879453757,410.4542617866887,-2179.423520379617
ID413,C,2806.5583756396113,405.37491903863514,-2413.788313663039
ID414,A,2633.7984849897643,385.2549177957409,5985.92364102265
ID415,B,2112.0263065945333,427.7436522391665,4199.839256666568
ID416,B,2436.6327156152224,403.0926719338023,4876.4147338866715
ID417,A,2791.0489306142813,365.563607305343,6538.941695010013
ID418,B,3274.2151127813117,406.22262050805034,6542.105213894201
ID419,C,2795.2443214971254,382.44799158941316,-2418.8396336744463
ID420,C,2709.1588484794283,405.7794482445246,-2310.78812778826
ID421,A,2823.7806075035637,421.19596487740273,6378.989694216619
ID422,B,2275.3530930385245,398.4523772580117,4569.141372066379
ID423,C,2858.8039430020904,410.8395196152525,-2466.971133254178
ID424,C,2457.1811435525397,405.7050181229279,-2044.0008738026156
ID425,C,2513.309277925867,403.3052182167338,-2077.260275303204
ID426,B,2634.4626258972057,376.46797756990145,5280.7005815105995
ID427,B,2277.6897621595112,413.6956824825086,4548.269605197407
ID428,B,2116.8080061413034,400.3174154112249,4243.973350186698
ID429,C,2547.21543891231,432.9728320157574,-2102.7355888677425
ID430,B,2110.0041950805366,391.8525198947559,4204.431132023659
ID431,A,2415.5626054815357,396.69746709454375,5237.937970171467
ID432,A,2166.823191999314,381.57061366828344,4592.311028298203
ID433,A,2940.0588468905526,401.99564402580586,6813.769170582139
ID434,A,2322.9759991463434,399.55233751000753,4972.927637000126
ID435,A,2933.441663668841,397.7292228331165,6810.06481777451
ID436,C,2597.3250630876146,409.8604411296646,-2193.428307216341
ID437,B,2665.9281846151657,420.99871446050116,5339.2773533638165
ID438,A,2529.727097646199,424.6101889658344,5449.999687151815
ID439,A,2173.0281831757243,381.61498687781864,4628.045374119244
ID440,A,1644.36027044691,410.0411100869758,2892.3216484130303
ID441,B,2833.512992276548,403.0400154871206,5670.2637538176605
ID442,A,2873.9547748508157,371.49886435688,6752.600497148229
ID443,C,2386.809333385076,395.0973881140622,-2015.52437112574
ID444,B,2701.1561469025673,426.45529070188906,5399.529893223821
ID445,C,2639.1825244111196,409.09792584209964,-2244.0077290790105
ID446,B,2671.383507750478,391.5813488974885,5346.925062897921
ID447,A,2112.4171792701486,401.9228895312857,4317.463355980189
ID448,A,2220.6037950800282,384.1165661466748,4735.787162586542
ID449,C,2535.634582458301,386.9670500321068,-2153.1712086114353
ID450,A,2046.779012104387,383.59811248063323,4214.778272054814
ID451,A,3095.437167720316,409.96882737192516,7242.256093597967
ID452,A,2960.1441720448543,398.8057365995507,6872.12526301904
ID453,B,2381.1250180369516,396.10547796269606,4775.46079758824
ID454,B,1721.6211315612945,398.0894470404945,3451.2382271278843
ID455,C,2241.7990199197166,407.05656085718937,-1836.5624205275658
ID456,A,2443.632913858823,406.03234851256315,5274.408221627405
ID457,C,2265.9117929895824,379.07559038206233,-1885.40270629168
ID458,B,2895.272430691726,402.1657630616146,5792.562670973352
ID459,A,2355.5068228037153,413.28982709100967,5008.063284606338
ID460,B,2449.790051126425,377.57535770668073,4898.007292474586
ID461,B,2780.8709210641127,408.7564013261533,5565.642130212814
ID462,B,2073.25392333305,404.4060555854285,4157.133508482789
ID463,B,2884.2869219363924,391.33522534708703,5789.528445154722
ID464,A,2868.120028058169,390.01620467573076,6648.3684481308155
ID465,A,2517.498098328769,407.79467139045767,5498.828244511792
ID466,C,2584.299981404024,398.2008890843071,-2183.973166535396
ID467,C,2470.8339683087074,396.0723173739982,-2087.1875038774847
ID468,B,3008.560062496393,396.98736771876537,6022.349611504284
ID469,A,2383.987489141666,408.3415420030829,5096.795042353635
ID470,B,2331.6848190445603,403.489052541792,4671.218349583863
ID471,C,2589.004123393619,374.64047859504745,-2204.987994521439
ID472,A,2246.518604044957,421.08163597015164,4660.611640619295
ID473,C,2438.70116873482,404.9263333548417,-2049.8557387544897
ID474,A,2230.1518457698626,394.3441943040723,4715.879607728176
ID475,A,2755.1485287855367,404.9032152067289,6256.399463859391
ID476,A,2178.5934103737713,405.96649781268206,4501.691252877296
ID477,A,2648.357302027201,394.0894273895774,5979.322660300707
ID478,A,1946.8623512274744,394.30324691316457,3874.1536808294236
ID479,B,1641.6972377438321,416.6827742060201,3279.4352976645005
ID480,B,2087.347648558548,409.34745342250045,4169.38919297392
ID481,A,2177.9340055448843,406.27236370027987,4478.753879072968
ID482,A,2465.981184959753,417.7985171732931,5297.4159898833295
ID483,A,2471.740826587687,391.01909731948297,5445.724355200655
ID484,C,3056.4762934448863,405.910495280742,-2651.276822347446
ID485,B,2462.089952483673,418.8070242525658,4919.575986328483
ID486,C,2285.7994031007556,388.6766211639638,-1894.402704886932
ID487,A,2962.595042431928,379.0878032072976,6995.91683384967
ID488,B,2385.549324849226,404.7645317857511,4786.372526760086
ID489,B,2439.036922472321,426.8374250573218,4892.013177413921
ID490,C,1723.4814974031372,395.5815399541143,-1322.7383263728432
ID491,A,1928.1313900811133,363.37057871538724,3979.0514040928456
ID492,A,2302.6100960258336,385.57097585303444,4973.605660095874
ID493,C,2341.684885630871,427.6277887317783,-1911.2632079046375
ID494,C,2479.8659015197964,417.2665797241349,-2068.4295086135003
ID495,A,2935.6753360159832,395.48420056260966,6826.422924220127
ID496,A,2204.048838403034,391.88933873839613,4651.83340933318
ID497,C,2543.732528508517,416.09898089619986,-2139.347600827742
ID498,C,2693.112409459582,384.1049209869322,-2309.4071329756534
ID499,B,2915.8495104855415,380.4524673125689,5847.129037542283
ID500,C,2114.3192171301926,388.5952633332134,-1726.1632808187258
ID501,B,2802.8234642510165,403.8062489946035,5609.86830807735
ID502,B,2239.253157193441,406.2131450126868,4475.560266160652
ID503,B,1974.49194858007,400.8793055175836,3957.260080064706
ID504,A,2544.6324234245058,404.42959587809537,5601.635320616432
ID505,A,2936.4767104782977,386.5023160092238,6894.20329915255
ID506,C,2465.9820986615655,405.7042552352344,-2074.8432580332833
ID507,B,2488.7618503072526,423.63883497859587,4969.814711602218
ID508,B,2235.7118495084223,397.21807238532625,4475.57621180747
ID509,A,2690.5682030668945,393.3492492219142,6092.784711068816
ID510,A,2666.9228059612656,405.36674509118967,5962.162412410116
ID511,A,2526.827538560905,424.8388731528366,5474.034490240453
ID512,C,2315.3788175248624,403.92911332196303,-1939.6187670837703
ID513,C,3109.8484810427067,384.644063693071,-2713.791384884065
ID514,A,2487.6844262070995,378.54246863040765,5573.079843322764
ID515,B,2367.404509001527,374.82532948859404,4746.608487683251
ID516,C,1968.2244527240723,397.55962560801083,-1590.296656447416
ID517,A,2292.351221319704,399.0484800205759,4889.281742644203
ID518,A,2350.041322346752,424.85964995223054,4913.872815358003
ID519,A,2966.1381706212414,400.6367677156371,6896.083375009926
ID520,A,2523.5460510451253,387.0264696921957,5633.351590488636
ID521,B,2692.936050465606,395.43537219307353,5371.142364926311
ID522,A,2926.8925557101597,387.9331031554797,6861.5357505918855
ID523,C,2701.3516466827555,401.01386091264754,-2314.7891042974907
ID524,B,2935.107242386035,412.75045280777425,5861.253719391254
ID525,A,2427.474298970778,406.1098996177614,5250.783353572232
ID526,C,2512.774613824036,400.3359386165453,-2100.3564214684116
ID527,A,2279.709892533934,387.714426841524,4918.911197323314
ID528,A,2668.5451852795964,388.8706139583506,6053.550780433751
ID529,C,2517.003143267202,428.3861192025591,-2099.680163609032
ID530,A,2667.0401530392555,375.40872402898947,6103.360843489891
ID531,A,3000.469935743394,379.70760904978204,7078.647364681058
ID532,A,2567.1450147277424,413.2879425300362,5660.716570807573
ID533,C,2207.3099066892005,410.3836449446513,-1793.6260392359932
ID534,B,2486.5851971854954,384.7115847718942,4973.175785336521
ID535,C,2383.096925970597,403.41955453419206,-1975.5634476042947
ID536,C,2509.8853998532695,392.2385156477138,-2101.78810465848
ID537,B,2997.3159823050473,395.8625307109482,6002.543624969043
ID538,A,2507.6426142438927,408.30550276968194,5483.036598557699
ID539,A,2639.326350054516,383.10197372730204,6003.791792492861
ID540,A,2219.0793900623544,372.6828780654684,4786.2741478624275
ID541,C,2803.1088012600394,397.87346638155935,-2425.937678088688
ID542,B,2163.592450362808,411.26422021814324,4317.121389296478
ID543,C,2613.493554422735,399.6752823334219,-2208.6576249215927
ID544,B,2542.5304587473224,431.55525758224667,5102.0876696546
ID545,C,2113.3781145929725,393.6433525639203,-1717.454696138789
ID546,A,2104.227326722175,396.3636907355921,4340.71628218344
ID547,C,3090.6688740089426,398.26326393930503,-2687.0361754554892
ID548,C,2457.3931537621065,401.43333429214584,-2082.57628409872
ID549,C,2542.984753401496,389.6814667429305,-2134.3595934364243
ID550,B,2439.638944765102,393.9370979347408,4875.836836338225
ID551,C,2538.397517192532,419.64543185054305,-2113.6643359746718
ID552,B,2732.4396554029554,376.018875889625,5453.33811538288
ID553,C,2300.933313171576,418.59624437132663,-1890.9442046194536
ID554,A,2657.229491378377,407.27180049548554,5938.576531866707
ID555,A,2381.2210701842787,396.97176940100206,5139.613708984268
ID556,C,2447.391578788505,425.1474597125324,-2035.674784409902
ID557,C,2583.554873971242,420.92112812579404,-2153.094653876697
ID558,C,2102.9678001330913,389.8102851090264,-1729.1011237712517
ID559,B,2575.112244988088,401.03550372658964,5150.6006603804735
ID560,C,3163.6843030219998,385.2753477155615,-2769.4671729474444
ID561,C,2506.0893899179464,412.6797251247271,-2097.4796141980214
ID562,A,3009.145337287776,401.9686737009562,7031.68411372125
ID563,B,3129.3976313617045,365.87401579811456,6262.30857454821
ID564,C,2435.6854300509285,406.4660646471385,-2017.2626415022976
ID565,A,2123.684310970387,421.0325895908248,4250.285610299685
ID566,A,2477.4538529635342,375.00122217156894,5539.79551287523
ID567,B,2033.9170981294067,415.66301720518544,4074.5612358007593
ID568,C,2745.655879027423,396.1676433043774,-2355.7961465333024
ID569,C,2221.919149325212,421.82922417766673,-1809.9034075473207
ID570,B,2230.8406339082912,376.13112118932605,4468.311874930488
ID571,B,1986.4751106888757,417.61040170282786,3981.6403353653413
ID572,A,2657.411979869322,386.8698742284016,6031.020266366427
ID573,C,1846.2528018367966,384.57366931613984,-1463.1267118901053
ID574,C,2799.1703753704815,381.1271615094244,-2405.6097360234353
ID575,A,2441.4085997757606,388.3220511650287,5411.376650790607
ID576,C,2589.2303759062333,401.82055199192996,-2196.1264932157983
ID577,B,2463.066273466985,399.48580927465963,4912.520090565577
ID578,B,1926.288374935682,409.29260639530713,3840.030419898117
ID579,C,2602.990177738116,405.4905794537352,-2185.247852829859
ID580,C,2556.425311023649,395.9240764282077,-2174.334357018569
ID581,C,2801.8575894979604,417.8505898174258,-2391.2188180643493
ID582,C,2523.0740933553384,393.5978613405392,-2124.313248444317
ID583,B,2985.9101996930112,396.9668661829271,5959.106218172406
ID584,B,2123.8790023872466,402.8579718737931,4240.773846486882
ID585,B,2613.805687848269,409.9284670806698,5246.24740310806
ID586,B,2799.613263178481,409.28404604494966,5601.773123111209
ID587,C,2236.84474678923,425.46645433883606,-1807.9627594603019
ID588,A,2903.4319022751693,418.69017021167053,6593.539768982298
ID589,A,2632.290696628919,435.74440017053143,5714.7163748650855
ID590,B,2154.556001578607,390.2060990087551,4315.067414847361
ID591,A,2031.9341054043562,417.7244263149905,4015.670421688621
ID592,C,2186.671040396421,405.2838255262499,-1796.2423650163296
ID593,A,2079.2714962257896,386.4043773413784,4287.407747310662
ID594,A,2835.316319446638,371.6685905360829,6666.966785292496
ID595,A,2878.2449709531193,391.6620994758499,6678.7575233905145
ID596,A,2304.7437421153313,404.7778349127235,4897.850324287095
ID597,A,2425.0751898121075,429.65526527434326,5135.066504408897
ID598,C,2302.5166323782505,392.59157179986806,-1923.4693343943165
ID599,B,2762.8635407494476,397.45111799098396,5541.689722049323
ID600,A,2814.8572708959928,412.4404166793545,6370.927741660435
ID601,C,2180.5237267799844,395.03089816017064,-1806.0189425764345
ID602,B,2426.971951300548,410.26507421075553,4857.069204585689
ID603,A,2423.267788302414,375.2488747467611,5383.411553272577
ID604,A,2646.6173839019184,388.38719758379307,6010.420274960446
ID605,A,2750.594897799874,403.8922691473797,6220.606142880759
ID606,B,2253.409389994137,400.3035827108266,4498.675501652035
ID607,A,2057.70813227094,391.64154434253476,4209.029475964661
ID608,C,2910.601493671987,404.0172309998833,-2516.4619468168444
ID609,A,2223.3785712882413,381.03807880432873,4754.721319093235
ID610,B,2344.2843711617866,402.77419114153565,4684.115306290449
ID611,C,2575.8895155938867,410.93433266567274,-2179.285808223324
ID612,A,2405.7609988409763,407.605055014464,5186.1343802352885
ID613,B,3177.0323734491,398.9214808127795,6367.158872209909
ID614,B,2768.4846738257957,376.58313308190344,5532.26761021199
ID615,B,2497.2030573998863,408.50824162585906,4964.62055309634
ID616,B,2587.531018343496,395.0537292893271,5186.773329411652
ID617,B,2334.564513652739,423.5307615367835,4663.839847801194
ID618,C,2408.7940184098707,384.60459442171856,-2021.228813379507
ID619,C,2709.3651024174915,382.69225105183614,-2326.7771843421096
ID620,A,2755.6420850370255,384.35603212072147,6336.521725559508
ID621,B,2524.578253627926,408.3624236024695,5023.094755427385
ID622,A,2845.314880505826,386.82814804327234,6593.979199128872
ID623,B,2565.0153519065348,394.7726993369316,5117.548069697975
ID624,A,2977.376399939381,379.0690575791817,7041.430137426155
ID625,B,2725.022108468275,389.1314637681788,5452.07216832006
ID626,B,1741.6276819387574,392.5486547453714,3484.6026544261917
ID627,A,2267.8326568582675,380.68792111815935,4923.282342693725
ID628,A,2383.40314169026,390.69062209239746,5222.619337655289
ID629,C,2312.971332985148,366.6320433138277,-1932.0822101131
ID630,B,3653.8549341825246,408.44604598362463,7308.8333122372205
ID631,A,2949.4556343760664,414.6633349741085,6801.664676132923
ID632,C,2654.629412845054,386.30296172076754,-2278.5977879187285
ID633,B,2285.241527814092,368.44770999356746,4559.721783646048
ID634,B,2134.6570149318295,381.091295059622,4262.392117438247
ID635,C,2028.4721709326839,407.0092055461525,-1613.8463033536277
ID636,B,2235.0182438546453,393.44525585247794,4466.510481571204
ID637,C,2405.834092704201,384.0080002176219,-2029.2735783760788
ID638,A,2450.21029794831,386.9086690358573,5427.475771731413
ID639,C,2213.4280119023288,387.4212048582673,-1813.6908030206107
ID640,B,2429.6605645844725,421.0943049303822,4856.204562822941
ID641,B,2603.5794845280825,398.7612872488758,5205.255572876986
ID642,A,2820.823286113835,409.5863058589054,6409.049192800586
ID643,C,2217.7365458032536,385.4167366020333,-1814.680771277276
ID644,A,2423.739771609633,387.56624824250093,5345.857034341726
ID645,C,1988.3507510935724,398.6699634338355,-1590.4029625516432
ID646,B,2611.8315384727493,428.92721153092117,5218.50445684732
ID647,B,2300.8714826345863,401.49367677016295,4616.2302156312
ID648,C,2479.347809018842,419.24036199772064,-2062.629180901454
ID649,B,2973.2023319425643,389.07098820856663,5958.434249361069
ID650,B,2696.6875843310645,406.83030578520555,5401.2406230433835
ID651,C,2433.9245883023946,412.55376511754116,-2045.2852633975376
ID652,A,1889.9250264123882,399.1025984964427,3673.614048555564
ID653,C,3179.6075980486535,417.32331477108715,-2757.674910155705
ID654,A,2315.706249365005,399.67706838955854,4953.739055521576
ID655,A,2539.0987838541737,401.514409594277,5623.939453429537
ID656,C,1820.4508778634042,394.39664712066315,-1432.6881514958145
ID657,B,2485.197300813734,403.79508123543184,4982.979550484124
ID658,C,2373.0699336472717,386.71759583391736,-1977.3313505088663
ID659,A,2378.295997496876,410.7771667238178,5061.424821264449
ID660,A,2318.88952735935,431.54372308211293,4811.659676045519
ID661,C,2918.591950525305,393.26669060841544,-2537.86340688738
ID662,A,2534.6135259570938,395.0969867982855,5617.247442657034
ID663,C,2584.2934230897185,392.2633695436397,-2199.101628647622
ID664,B,2685.915177644758,400.76257822819343,5373.754810057545
ID665,A,2690.5502467907436,425.18137409525826,5949.291356289526
ID666,C,2397.956501221189,398.34975545754696,-2014.2248799738197
ID667,A,2269.6332040245557,408.74111252551705,4761.325632015991
ID668,C,2750.509810982924,376.69762357195776,-2377.990786572982
ID669,C,2403.9422084753182,377.9182503217281,-2021.4112044232993
ID670,B,2804.559206221446,399.5304782996626,5620.00626524128
ID671,A,2360.9626553518365,392.979814044904,5121.734512668878
ID672,A,2780.930326727308,415.1281131526819,6297.0018975470575
ID673,A,2812.936164472042,417.0142640324102,6357.581641038021
ID674,B,2928.2258801988487,427.3049217872987,5855.786988722155
ID675,A,2843.5769343643738,392.8481927971958,6584.460401996582
ID676,C,2583.420182442383,403.4585718172697,-2194.918201096637
ID677,C,2854.5956962642495,393.8437839688055,-2477.2230113849123
ID678,A,2149.0477515176212,410.8188697361007,4413.80432064461
ID679,B,2833.100295497843,369.83646547544095,5664.349011753679
ID680,B,2854.4670215040646,385.77549875553444,5691.056506406579
ID681,A,3160.537908599088,406.6259187210366,7454.98151707723
ID682,C,2418.231773964361,403.4509216033375,-2004.9054502231395
ID683,A,2391.710560177061,395.2719348207053,5188.397535915178
ID684,C,3334.9506939235825,406.55746674892816,-2929.9166603863764
ID685,B,2826.5650942689012,392.34712768584143,5653.070601055695
ID686,C,2518.4158026671894,388.4542118292383,-2121.6312362374274
ID687,A,2352.8505506023657,398.03085863670276,5069.081922040121
ID688,C,2837.5283577374125,384.2837782306364,-2458.2825215749754
ID689,A,2480.2077954511615,405.25662157089164,5426.438329517301
ID690,C,3132.7307583330676,386.5239722525894,-2750.9560760113304
ID691,C,2553.5061879809923,421.8345795368523,-2103.35670438616
ID692,A,2522.9910003222585,381.55336581014035,5679.135223420063
ID693,C,1944.004476889189,368.7129514548114,-1598.4548908338263
ID694,A,2465.5551720331086,406.61339990773837,5363.808165032887
ID695,B,3028.0716592831363,391.5725326098277,6047.253373396048
ID696,A,2632.8365887501986,430.6503129442637,5732.3172735016915
ID697,B,2432.1746013516376,405.8786493040675,4863.858210755381
ID698,A,2228.1528384613343,381.9060689170722,4754.978502251425
ID699,B,2720.297619879697,382.1588882911491,5462.4689131801615
ID700,A,2390.3929444417768,395.028490994961,5209.580166462056
ID701,A,2414.271459027757,375.4241555063324,5369.1539633489265
ID702,A,2628.996531552501,412.98997844416544,5810.678149498941
ID703,C,2635.7126482293065,401.29502263228073,-2238.9354456339984
ID704,B,2585.3777429492857,379.57730889668125,5191.290158951869
ID705,C,2362.483014011077,402.2415039302403,-1958.2883864680557
ID706,A,2616.1823840461147,415.09319491846844,5780.954884783069
ID707,C,2353.92785730848,396.97467440093607,-1953.8823663335588
ID708,C,2651.343846946774,415.92126473490595,-2245.6657657357146
ID709,A,2864.0680800318814,412.583963663821,6537.877548694914
ID710,C,2775.109867468409,385.5034919840103,-2399.4138010688444
ID711,A,2880.340086756615,386.80559168405983,6707.428082895827
ID712,C,2456.905582476559,380.34825891272266,-2094.4381938001866
ID713,A,1989.7142073304249,398.031633670976,3975.8447170953455
ID714,A,2458.4766457350393,395.52405526985484,5396.431765304051
ID715,A,2241.2498928884547,407.8288138044854,4686.24447755261
ID716,C,2782.1643871399533,389.3918706837655,-2404.640858705588
ID717,B,2047.7802328121566,380.58079542251244,4070.477772521173
ID718,A,2777.938668106039,429.8207275948116,6179.855962043659
ID719,A,2911.9859572571636,416.1322544592403,6673.384333200105
ID720,B,2696.891001377302,402.48108624519006,5404.646315589838
ID721,C,1999.3546346135945,400.2766789418101,-1592.5370039329873
ID722,B,2285.1347150803917,424.6427014769639,4559.203690219764
ID723,A,2362.5808739190034,404.74352711534715,5050.765992955655
ID724,A,2489.298392441829,400.38146051217086,5456.672820517597
ID725,B,2491.0809992455625,388.3044275530319,5016.305635178502
ID726,B,2383.618082072274,384.38644578919553,4781.569176777263
ID727,C,2395.6001977090586,403.8644881752924,-1985.0676068136954
ID728,C,2367.096560675369,376.13663210918554,-1999.5198575609809
ID729,C,2698.5543996419583,368.7982205550534,-2345.8729429644227
ID730,B,2548.1159416036644,406.27380477425334,5100.871354649357
ID731,A,2738.2691686989365,382.06114669463165,6319.662772093835
ID732,B,2443.794321278007,399.60136505265865,4891.6534413061
ID733,B,2842.97681989364,385.6293424033283,5685.204064149967
ID734,C,2294.476549063311,419.93147523055615,-1884.9952170548927
ID735,C,2803.250859695417,402.2239100353798,-2415.6909640585936
ID736,B,2712.0205524022285,362.14826634513423,5434.159060456316
ID737,B,2460.96261880337,422.9852663012667,4920.326055467396
ID738,A,2044.4027857768697,396.65090928356403,4156.526346303005
ID739,A,2197.9738921802914,390.4227508754612,4656.617362290233
ID740,A,2231.8200586974176,396.4159594883284,4715.831041253282
ID741,B,2987.6499282836726,395.7818005194652,5973.2320981286875
ID742,A,2404.2260842874116,420.0464332125776,5101.7918542425605
ID743,C,2556.2494871968383,393.52661718159356,-2162.8812391073434
ID744,B,2340.1399009911993,383.44632746094754,4671.605887415178
ID745,A,2783.7970689988865,377.28142319070867,6489.285072791315
ID746,C,3082.073356218561,421.3633172204474,-2673.7540011531682
ID747,C,2328.321486003815,392.48758275195104,-1939.0742089706514
ID748,A,2444.124346531873,407.17753113726235,5287.261591997362
ID749,B,2347.234433422203,397.55169007155155,4707.137005275676
ID750,C,2570.787376176988,425.60747713885576,-2140.7577765432447
ID751,C,2737.983676344393,386.17902278344974,-2336.8533056274437
ID752,A,2511.7466706042683,414.3300881055492,5458.057016878664
ID753,A,2069.6353412895305,396.2079169013041,4231.064473610698
ID754,C,2392.9959562386584,365.90252337940007,-2027.3670922900633
ID755,B,2629.9002440326353,405.26332529521244,5251.946912128917
ID756,A,2595.8568311268145,392.8946735265621,5834.558464383933
ID757,C,2490.4667082632013,409.59951588299924,-2075.188997554374
ID758,A,2588.67584957521,417.4542977037465,5655.609043077519
ID759,C,2613.6541859003723,387.5673500296784,-2237.386635974808
ID760,A,2651.593109828773,398.8396847275398,5953.078708742631
ID761,C,2169.5061783715055,403.14870012776163,-1778.993691838983
ID762,C,2966.1264876262994,384.18017534536926,-2603.6166536718765
ID763,B,3054.0083142931235,404.4403672127333,6116.231558515948
ID764,A,2338.738410654993,398.6341826871074,5020.640051029281
ID765,C,2396.597343880305,407.61338171155904,-2005.4456217416528
ID766,A,2713.163685038234,397.2953389669321,6152.748965993694
ID767,C,2140.827461133816,400.41522483398126,-1742.9312884567476
ID768,C,2732.3260135007195,383.79114912530116,-2347.828289113933
ID769,C,3081.539020149275,419.80558074098417,-2657.862248958762
ID770,B,3027.815754236529,393.4353087861353,6052.757142577376
ID771,A,3064.9668415573624,416.6525830325698,7102.669948636856
ID772,A,2448.9367701566052,394.7126225722354,5340.001067827141
ID773,B,2564.364680850386,400.1199170742403,5119.860773488238
ID774,C,2745.8101416280324,417.87412097802667,-2321.846137196595
ID775,B,2822.998341761063,405.5824068877215,5648.128904825778
ID776,A,2609.4570191487537,393.00487196236986,5866.9648837950635
ID777,A,2270.326129637941,391.3611176353595,4856.980569736527
ID778,C,2770.7789731440625,389.1762116113362,-2400.0287981367483
ID779,C,2322.5632221593073,396.1816859312359,-1960.2511680246355
ID780,B,2191.4268603893825,374.5935960661565,4387.486575043284
ID781,C,2006.0129179485189,440.86315386230353,-1563.6776922593713
ID782,B,2219.0634256636804,395.34820729099,4418.66827150649
ID783,B,2600.5995621773436,401.6342452360816,5213.232881001945
ID784,A,2308.6749457160945,391.4044044679016,4980.060825606541
ID785,B,2869.5434564253296,418.84941738894855,5744.530484503768
ID786,B,2610.746814749082,400.530909562797,5221.999743153029
ID787,A,2580.366375098177,395.5599376635834,5753.568869257076
ID788,A,2309.74100390825,401.9562933320299,4905.679594941262
ID789,A,2726.291713805059,395.58263377508996,6207.197184104161
ID790,C,2664.898718552164,376.66208079605315,-2275.6706736732235
ID791,C,2236.046826540515,396.5714906271971,-1826.8869723340347
ID792,C,2420.9814234118007,394.58867907476997,-2025.0659911034186
ID793,A,2256.7523830956607,404.42577935497695,4763.7222264329075
ID794,C,2540.238326268781,403.60197544728953,-2151.6365009951637
ID795,B,2128.0285250327515,399.0780933788407,4262.8761024518
ID796,C,2801.6099409539734,396.11394740164695,-2408.0776070573793
ID797,B,2648.1576328465567,401.81832930972234,5306.636770215427
ID798,B,2018.908569261557,396.96166370744766,4036.5424234710913
ID799,A,2078.7127508299795,407.31457488957744,4191.883129723605
ID800,C,2317.934167761873,390.09216129716924,-1933.464193015135
